comparison,metric,W,p_value,cohen_d,rank_biserial_r,wins,ties,losses,base_mean,imp_mean,change_pct,q_value,reject_fdr
improved_vs_euclidean,path_length,0.0,6.103515625e-05,13.153948786736144,1.0,15,0,0,10.156296462666667,9.651568902666668,-4.969602471287815,0.0001220703125,True
improved_vs_euclidean,turn_count,0.0,0.0006516660806139112,7.172610510521053,1.0,15,0,0,3.0280000000000005,0.05733333333333334,-98.10656098634962,0.0007447612349873272,True
improved_vs_euclidean,expanded_nodes,0.0,6.103515625e-05,6.416599027048497,1.0,15,0,0,24.490666666666666,9.979999999999997,-59.24978222996518,0.0001220703125,True
improved_vs_euclidean,runtime_ms,2.0,0.00018310546875,0.6576600080228687,0.9666666666666667,13,1,1,0.20899293333333333,0.1788612,-14.417584773201265,0.00029296875,True
improved_vs_octile,path_length,0.0,6.103515625e-05,13.153948786736144,1.0,15,0,0,10.156296462666667,9.651568902666668,-4.969602471287815,0.0001220703125,True
improved_vs_octile,turn_count,0.0,0.000636992151797346,12.57854629549641,1.0,15,0,0,1.5733333333333337,0.05733333333333334,-96.35593220338983,0.0007447612349873272,True
improved_vs_octile,expanded_nodes,0.0,6.103515625e-05,4.258138938861951,1.0,15,0,0,17.93866666666667,9.979999999999997,-44.36598781031667,0.0001220703125,True
improved_vs_octile,runtime_ms,18.0,0.01507568359375,-0.7659504250986507,0.7,4,1,10,0.1695250666666667,0.1788612,5.507228822797483,0.01507568359375,True
