comparison,metric,W,p_value,cohen_d,rank_biserial_r,wins,ties,losses,euc_mean,imp_mean,change_pct,q_value,reject_fdr
improved_vs_euclidean,path_length,0.0,6.103515625e-05,13.153948786736144,1.0,15,0,0,10.156296462666667,9.651568902666668,-4.969602471287815,0.0001220703125,True
improved_vs_euclidean,turn_count,0.0,0.0006516660806139112,7.172610510521053,1.0,15,0,0,3.0280000000000005,0.05733333333333334,-98.10656098634962,0.000868888107485215,True
improved_vs_euclidean,expanded_nodes,0.0,6.103515625e-05,6.416599027048497,1.0,15,0,0,24.490666666666666,9.979999999999997,-59.24978222996518,0.0001220703125,True
improved_vs_euclidean,runtime_ms,60.0,1.0,-0.11040597788227961,0.0,8,0,7,0.21624359999999998,0.22541239999999993,4.240032999820542,1.0,False
improved_vs_octile,path_length,0.0,6.103515625e-05,13.153948786736144,1.0,15,0,0,10.156296462666667,9.651568902666668,-4.969602471287815,0.0001220703125,True
improved_vs_octile,turn_count,0.0,0.000636992151797346,12.57854629549641,1.0,15,0,0,1.5733333333333337,0.05733333333333334,-96.35593220338983,0.000868888107485215,True
improved_vs_octile,expanded_nodes,0.0,6.103515625e-05,4.258138938861951,1.0,15,0,0,17.93866666666667,9.979999999999997,-44.36598781031667,0.0001220703125,True
improved_vs_octile,runtime_ms,8.0,0.00152587890625,-0.816856716996286,0.8666666666666667,2,0,13,0.1736926666666667,0.22541239999999993,29.77657855445821,0.0017438616071428572,True
